Tarih,Rakip,Ev Sahibi/Deplasman,MS Gol,İY Gol,MS Yenilen Gol,İY Yenilen Gol,Sonuç,Topla Oynama,İkili Mücadele Kazanma,Hava Topu Kazanma,Pas Arası,Ofsayt,Korner,Toplam Pas,İsabetli Pas,Pas İsabeti %,Toplam Orta,İsabetli Orta,Toplam Şut,İsabetli Şut,İsabetsiz Şut,Engellenen Şut,Direkten Dönen Şut,Gol Beklentisi (xG),Rakip Ceza Sahasında Topla Buluşma,Pas Arası,Uzaklaştırma,Faul,Sarı Kart,İkinci Sarıdan Kırmızı Kart,Kırmızı Kart
11.08.2023,Antalyaspor,Ev Sahibi,1,1,0,0,Galip,%48,46,13,10,1,6,392,323,"%82,4",15,4,14,4,6,4,1,"1,41",16,10,18,18,0,0,0
19.08.2023,Galatasaray,Deplasman,0,0,2,1,Mağlup,%48,49,13,8,2,1,357,242,"%67,8",6,1,5,1,2,2,0,"0,26",8,8,18,7,3,0,0
26.08.2023,Ç. Rizespor,Ev Sahibi,2,0,3,2,Mağlup,%68,69,23,1,0,9,532,447,"%84,0",30,5,21,5,7,9,0,"2,08",28,1,12,10,1,0,0
1.09.2023,Kasımpaşa,Deplasman,5,3,1,0,Galip,%50,38,16,10,0,3,393,303,"%77,1",12,1,7,6,1,0,1,"1,4",13,10,25,17,3,0,0
17.09.2023,Beşiktaş,Ev Sahibi,3,2,0,0,Galip,%29,53,12,9,1,2,196,112,"%57,1",9,1,8,5,3,0,1,"1,48",12,9,36,15,4,0,0
25.09.2023,Hatayspor,Deplasman,2,1,3,0,Mağlup,%46,69,20,10,2,1,329,256,"%77,8",8,2,6,3,1,2,0,"0,45",12,10,22,13,2,0,0
30.09.2023,Pendikspor,Ev Sahibi,2,2,1,1,Galip,%37,42,9,11,1,4,332,270,"%81,3",10,3,11,3,6,2,0,"0,93",13,11,8,19,1,1,0
6.10.2023,Adana Demirspor,Deplasman,0,0,1,1,Mağlup,%55,54,11,16,0,3,463,390,"%84,2",19,6,18,3,8,7,0,"0,78",24,16,8,10,3,0,0
23.10.2023,Alanyaspor,Ev Sahibi,1,0,0,0,Galip,%44,46,12,9,2,7,393,304,"%77,4",16,2,14,3,8,3,0,"1,15",20,9,10,15,1,0,0
29.10.2023,F. Karagümrük,Deplasman,0,0,0,0,Berabere,%55,37,18,12,2,3,452,372,"%82,3",16,4,13,0,12,1,1,"1,03",17,12,18,11,1,0,0
4.11.2023,Fenerbahçe,Deplasman,3,1,2,0,Galip,%35,60,16,15,3,4,268,194,"%72,4",8,3,7,4,1,2,0,"0,64",15,15,18,25,4,0,0
10.11.2023,Konyaspor,Ev Sahibi,2,0,1,0,Galip,%61,59,24,7,0,6,472,392,"%83,1",17,2,15,5,6,4,0,"1,03",21,7,23,16,1,0,0
27.11.2023,Sivasspor,Deplasman,3,2,3,2,Berabere,%59,52,19,7,0,2,528,451,"%85,4",17,4,13,5,6,2,1,"1,3",21,7,15,10,1,0,0
3.12.2023,Kayserispor,Ev Sahibi,0,0,1,0,Mağlup,%56,61,24,11,2,4,475,392,"%82,5",21,7,14,1,11,2,1,"0,78",36,11,14,7,3,0,0
10.12.2023,Gaziantep FK,Deplasman,3,0,1,0,Galip,%56,44,20,9,4,3,521,453,"%86,9",14,10,19,11,6,2,1,"2,62",19,9,9,11,2,0,0
19.12.2023,İstanbulspor,Deplasman,3,1,0,0,Berabere,%59,36,20,5,1,3,416,353,"%84,9",12,3,15,4,6,5,0,0,12,5,8,8,0,0,0
23.12.2023,Başakşehir,Ev Sahibi,1,1,1,1,Berabere,%56,55,20,6,1,5,477,401,"%84,1",14,5,18,4,7,7,1,"1,25",20,6,5,13,0,0,0
6.01.2024,Ankaragücü,Deplasman,1,1,0,0,Galip,%44,47,19,4,1,3,426,353,"%82,9",10,1,10,2,3,5,0,"0,94",15,4,18,8,1,0,0
11.01.2024,Samsunspor,Ev Sahibi,2,2,1,0,Galip,%61,57,19,5,3,5,491,393,"%80,0",12,3,14,8,6,0,0,"1,25",20,5,16,13,3,0,0
14.01.2024,Antalyaspor,Deplasman,1,1,1,0,Berabere,%35,56,14,12,0,2,298,225,"%75,5",9,1,4,3,1,0,0,"0,29",7,12,29,11,0,0,0
21.01.2024,Galatasaray,Ev Sahibi,1,0,5,1,Mağlup,%49,53,15,9,1,11,312,216,"%69,2",35,5,16,2,7,7,0,"0,98",15,9,18,14,1,0,0
25.01.2024,Ç. Rizespor,Deplasman,0,0,1,0,Mağlup,%57,69,24,7,0,3,416,324,"%77,9",20,2,13,3,8,2,0,"0,73",17,7,18,12,1,0,0
29.01.2024,Kasımpaşa,Ev Sahibi,2,1,3,0,Mağlup,%57,57,20,3,1,7,472,371,"%78,6",29,7,21,8,7,6,1,"1,86",32,3,12,16,1,0,0
04.02.2024,Beşiktaş,Deplasman,0,0,2,1,Mağlup,%55,66,17,5,1,6,417,326,"%78,2",27,11,13,2,8,3,0,"1,45",27,5,14,10,0,0,0
12.02.2024,Hatayspor,Ev Sahibi,2,0,0,0,Galip,%61,54,19,3,3,10,537,477,"%88,8",26,6,24,9,6,9,1,"1,99",53,3,15,10,2,0,0
18.02.2024,Pendikspor,Deplasman,2,0,0,0,Galip,%56,48,18,9,1,6,456,356,"%78,1",23,6,12,4,3,5,0,"1,41",22,9,24,12,1,0,0
25.02.2024,Adana Demirspor,Ev Sahibi,1,1,0,0,Galip,%48,49,14,11,3,4,368,292,"%79,3",16,6,19,8,7,4,1,"1,09",27,11,24,16,2,0,0
4.03.2024,Alanyaspor,Deplasman,1,0,3,2,Mağlup,%65,38,12,9,1,9,580,491,"%84,7",29,5,24,7,7,10,0,"1,44",39,9,11,8,0,0,0
9.03.2024,F. Karagümrük,Ev Sahibi,5,1,1,1,Galip,%67,43,8,13,0,8,601,522,"%86,9",25,11,26,10,10,6,1,"3,09",43,13,8,10,0,0,0
17.03.2024,Fenerbahçe,Ev Sahibi,2,0,3,2,Mağlup,%58,41,11,8,0,10,443,377,"%85,1",23,2,7,3,3,1,0,"1,17",16,8,12,13,5,0,0
3.04.2024,Konyaspor,Deplasman,3,1,1,0,Galip,%40,44,17,9,0,3,373,276,"%74,0",8,0,10,3,3,4,1,"1,20",10,9,29,10,3,0,0
12.04.2024,Sivasspor,Ev Sahibi,0,0,1,0,Mağlup,%71,40,14,13,3,14,673,593,"%88,1",31,5,21,5,8,8,0,"1,33",44,13,11,14,3,0,0
20.04.2024,Kayserispor,Deplasman,2,1,1,0,Galip,%45,62,17,10,2,1,355,286,"%80,6",10,3,9,3,5,1,1,"1,46",13,10,9,5,3,0,0
28.04.2024,Gaziantep FK,Ev Sahibi,4,0,2,2,Galip,%60,42,12,4,2,4,584,510,"%87,3",26,9,12,7,5,0,0,"2,15",23,4,14,12,2,0,0
4.05.2024,Samsunspor,Deplasman,1,1,3,3,Mağlup,%65,56,20,9,0,2,539,453,"%84,0",13,1,6,3,2,1,1,"0,31",6,9,19,12,2,0,0
12.05.2024,İstanbulspor,Ev Sahibi,3,2,0,0,Galip,%51,46,6,9,1,7,488,425,"%87,1",17,2,13,5,3,5,0,"0,66",19,9,20,10,0,0,0
18.05.2024,Başakşehir,Deplasman,1,1,0,0,Galip,%45,42,9,6,2,4,329,256,"%77,8",10,1,11,2,3,6,0,"0,62",13,6,14,14,2,0,0
26.05.2024,Ankaragücü,Ev Sahibi,4,0,2,1,Galip,%59,47,15,7,0,3,545,473,"%86,8",15,4,12,5,4,3,0,"1,84",29,7,11,6,2,0,0
5.08.2022,İstanbulspor,Deplasman,2,1,0,0,Galip,%48,44,14,8,4,10,427,341,"%79,9",14,3,13,5,4,4,0,"0,98",17,8,7,11,2,0,0
12.08.2022,Hatayspor,Ev Sahibi,1,0,0,0,Galip,%47,38,15,3,4,11,397,330,"%83,1",17,7,22,7,7,8,0,"3,22",24,3,9,18,2,0,0
20.08.2022,Antalyaspor,Deplasman,2,1,5,2,Mağlup,%54,40,8,11,0,5,445,386,"%86,7",32,11,17,6,8,3,2,"1,29",27,11,9,8,2,0,0
28.08.2022,Galatasaray,Ev Sahibi,0,0,0,0,Berabere,%42,63,22,12,1,2,325,245,"%75,4",12,4,10,3,4,3,1,"0,57",13,12,13,18,3,0,0
2.09.2022,Ümraniyespor,Deplasman,1,0,0,0,Galip,%58,34,10,14,0,5,502,422,"%84,1",21,5,23,7,10,6,0,"1,77",27,14,15,12,3,0,0
12.09.2022,Adana Demirspor,Deplasman,2,1,3,1,Mağlup,%64,40,8,12,2,3,578,476,"%82,4",15,3,12,4,4,4,0,"1,32",18,12,15,13,4,0,0
18.09.2022,Gaziantep FK,Ev Sahibi,3,2,2,2,Galip,%63,59,20,10,1,9,559,475,"%85,0",34,8,21,8,9,4,1,"1,84",44,10,9,9,2,0,0
1.10.2022,Kayserispor,Deplasman,2,0,1,1,Galip,%55,32,9,6,0,6,468,399,"%85,3",21,3,20,9,5,6,0,"2,06",32,6,19,13,3,0,0
10.10.2022,Kasımpaşa,Ev Sahibi,0,0,0,0,Berabere,%60,46,15,12,2,10,522,438,"%83,9",28,1,20,3,11,6,0,"0,73",27,12,20,10,1,0,0
16.10.2022,Beşiktaş,Deplasman,2,2,2,1,Berabere,%42,47,12,12,1,3,353,254,"%72,0",9,4,10,4,4,2,0,"1,07",9,12,24,12,3,0,1
22.10.2022,Sivasspor,Ev Sahibi,1,1,0,0,Galip,%59,54,19,14,0,4,0,0,0,0,0,0,0,0,0,0,0,0,14,0,17,2,0,0
6.11.2022,Konyaspor,Ev Sahibi,2,2,2,1,Berabere,%60,64,15,13,3,5,537,467,"%87,0",17,4,21,8,5,8,0,"2,70",34,13,11,13,3,0,0
11.11.2022,Ankaragücü,Deplasman,1,0,1,0,Berabere,%52,58,25,7,1,4,445,349,"%78,4",19,5,9,3,5,1,0,"0,76",17,7,30,7,2,0,0
24.12.2022,Fenerbahçe,Ev Sahibi,2,0,0,0,Galip,%53,77,20,8,6,5,392,292,"%74,5",13,4,18,7,6,5,0,"1,34",21,8,14,20,4,0,0
28.12.2022,F. Karagümrük,Deplasman,1,1,4,2,Mağlup,%69,40,12,7,0,4,740,634,"%85,7",23,4,13,7,4,2,1,"1,51",23,7,5,10,1,0,1
5.01.2023,Giresunspor,Ev Sahibi,3,1,0,0,Galip,%67,37,8,8,2,10,746,668,"%89,5",23,6,17,8,4,5,1,"1,66",33,8,5,11,2,0,0
9.01.2023,Alanyaspor,Deplasman,0,0,5,3,Mağlup,%68,53,10,7,1,4,749,664,"%88,7",21,2,15,5,7,3,1,"0,58",17,7,8,12,3,0,0
14.01.2023,Başakşehir,Ev Sahibi,1,1,0,0,Galip,%39,57,22,10,0,2,353,264,"%74,8",12,4,8,4,3,1,0,"0,48",22,10,18,17,1,0,0
22.01.2023,İstanbulspor,Ev Sahibi,4,1,0,0,Galip,%66,58,17,10,4,6,668,592,"%88,6",16,5,20,10,3,7,0,"1,72",31,10,4,12,1,0,0
28.01.2023,Hatayspor,Deplasman,1,1,2,0,Mağlup,%64,53,26,13,2,10,563,468,"%83,1",28,9,16,5,7,4,1,"0,98",27,13,12,11,2,0,0
1.02.2023,Antalyaspor,Ev Sahibi,2,1,0,0,Galip,%46,50,15,14,4,3,467,373,"%79,9",19,4,18,7,8,3,1,"1,89",32,14,8,10,1,0,0
5.02.2023,Galatasaray,Deplasman,1,1,2,1,Mağlup,%48,70,23,10,3,5,402,280,"%69,7",18,4,11,2,6,3,0,"1,42",22,10,15,16,3,0,0
4.03.2023,Ümraniyespor,Ev Sahibi,1,0,2,0,Mağlup,%68,46,12,11,0,7,637,552,"%86,7",44,6,25,7,12,6,2,"2,08",40,11,9,12,1,1,0
12.03.2023,Adana Demirspor,Ev Sahibi,4,1,1,1,Galip,%64,46,13,11,2,7,636,572,"%89,9",29,6,15,6,4,5,1,"1,26",30,11,20,12,1,0,0
1.04.2023,Kayserispor,Ev Sahibi,3,1,4,2,Mağlup,%59,67,18,11,0,4,582,485,"%83,3",29,4,21,6,8,7,2,"3,31",26,11,7,11,0,0,0
08.04.2023,Kasımpaşa,Deplasman,0,0,2,1,Mağlup,%59,57,17,8,2,5,531,429,"%80,8",20,6,11,3,5,3,0,"1,20",25,8,17,10,0,0,0
16.04.2023,Beşiktaş,Ev Sahibi,0,0,0,0,Berabere,%46,61,10,8,2,6,406,327,"%80,5",21,6,12,4,6,2,0,"0,60",20,8,14,11,4,0,0
20.04.2023,Sivasspor,Deplasman,1,1,4,2,Mağlup,%44,44,12,11,0,1,431,350,"%81,2",5,1,4,2,2,0,0,"0,18",6,11,25,11,1,0,1
29.04.2023,Konyaspor,Deplasman,1,1,2,1,Mağlup,%37,44,10,4,1,5,339,266,"%78,5",20,4,9,2,6,1,0,"0,90",13,4,28,16,2,0,1
8.05.2023,Ankaragücü,Ev Sahibi,2,1,0,0,Galip,%62,43,10,13,1,5,603,521,"%86,4",30,6,14,4,8,2,0,"0,74",19,13,12,14,1,0,0
18.05.2023,Fenerbahçe,Deplasman,1,0,3,1,Mağlup,%44,51,12,8,2,3,426,333,"%78,2",10,2,8,5,3,0,0,"1,29",19,8,17,14,2,0,0
22.05.2023,F. Karagümrük,Ev Sahibi,4,3,1,1,Galip,%49,34,10,18,2,2,536,437,"%81,5",10,2,14,7,5,2,1,"1,73",24,18,5,13,1,0,0
30.05.2023,Giresunspor,Deplasman,4,2,2,0,Galip,%57,48,11,6,2,7,536,456,"%85,1",15,7,25,9,9,7,1,"3,69",32,6,19,13,3,0,0
3.06.2023,Alanyaspor,Ev Sahibi,5,4,1,1,Galip,%69,34,6,5,3,5,669,607,"%90,7",15,6,23,10,7,6,1,"4,57",39,5,4,7,0,0,0
6.06.2023,Başakşehir,Deplasman,1,0,3,1,Mağlup,%38,44,12,10,1,5,332,248,"%74,7",17,3,16,5,7,4,2,"1,08",24,10,13,10,0,0,0
16.08.2021,Yeni Malatyaspor,Deplasman,5,4,1,1,Galip,%60,29,5,5,1,2,556,493,"%88,7",4,2,14,8,2,4,1,"3,21",19,5,19,11,1,0,0
23.08.2021,Sivasspor,Ev Sahibi,2,1,1,0,Galip,%53,33,11,6,1,4,475,406,"%85,5",12,3,14,6,5,3,0,"1,73",15,6,20,18,4,0,0
29.08.2021,Giresunspor,Deplasman,1,1,0,0,Galip,%54,50,16,8,1,4,549,460,"%83,8",9,2,13,5,4,4,1,"1,44",11,8,16,13,3,0,0
12.09.2021,Galatasaray,Ev Sahibi,2,1,2,2,Berabere,%62,44,17,7,2,7,589,513,"%87,1",24,9,19,6,6,7,0,"2,40",34,7,12,9,2,0,0
18.09.2021,Kasımpaşa,Deplasman,1,0,0,0,Galip,%55,49,11,15,2,3,493,420,"%85,2",5,1,12,9,3,0,0,"0,82",21,15,19,9,2,0,0
23.09.2021,Konyaspor,Deplasman,2,1,2,1,Berabere,%39,44,10,9,1,4,307,246,"%80,1",11,2,14,5,5,4,1,"0,79",18,9,27,10,1,0,1
27.09.2021,Alanyaspor,Ev Sahibi,1,1,1,1,Berabere,%67,53,18,10,2,10,593,530,"%89,4",42,9,19,7,6,6,0,"1,37",41,10,10,10,1,1,0
02.10.2021,Kayserispor,Deplasman,2,1,1,1,Galip,%49,62,11,8,2,1,406,336,"%82,8",4,0,16,6,8,2,2,"2,90",30,8,15,13,1,0,0
17.10.2021,Fenerbahçe,Ev Sahibi,3,1,1,1,Galip,%73,56,18,14,3,1,649,586,"%90,3",15,4,20,7,8,5,1,"2,81",22,14,7,15,3,0,0
23.10.2021,Göztepe,Deplasman,1,0,0,0,Galip,%57,76,34,6,0,2,524,411,"%78,4",4,1,6,1,4,1,0,"0,78",10,6,36,13,4,0,0
29.10.2021,Ç. Rizespor,Ev Sahibi,2,1,1,1,Galip,%62,63,17,10,2,9,525,440,"%83,8",18,5,12,4,5,3,0,"2,50",26,10,9,9,3,0,0
6.11.2021,Beşiktaş,Deplasman,2,1,1,0,Galip,%46,61,16,17,0,4,466,376,"%80,7",12,4,8,4,2,2,0,"1,09",18,17,21,10,3,1,0
22.11.2021,Gaziantep FK,Ev Sahibi,3,3,0,0,Galip,%48,64,20,10,0,2,437,358,"%81,9",8,0,11,5,3,3,0,"1,59",15,10,35,6,0,0,0
28.11.2021,F. Karagümrük,Deplasman,2,1,0,0,Galip,%36,43,11,14,1,0,352,284,"%80,7",4,1,9,2,6,1,0,"1,99",14,14,20,13,2,0,0
4.12.2021,Adana Demirspor,Ev Sahibi,2,1,0,0,Galip,%54,55,16,20,2,2,574,492,"%85,7",7,2,5,3,2,0,1,"0,89",16,20,19,6,0,0,0
11.12.2021,Antalyaspor,Deplasman,1,1,2,1,Mağlup,%61,47,13,10,0,3,576,511,"%88,7",7,4,12,5,6,1,0,"1,12",13,10,13,9,4,0,0
18.12.2021,Hatayspor,Ev Sahibi,2,2,0,0,Galip,%59,46,6,9,4,6,586,533,"%91,0",19,5,17,9,6,2,0,"2,54",21,9,10,7,0,0,0
21.12.2021,Altay,Deplasman,2,0,1,1,Galip,%70,64,16,15,1,5,735,652,"%88,7",16,4,15,5,8,2,0,"1,61",20,15,18,8,3,0,0
25.12.2021,Başakşehir,Ev Sahibi,0,0,0,0,Berabere,%58,50,14,23,0,4,578,512,"%88,6",19,3,11,4,3,4,2,"0,77",15,23,8,7,1,0,0
7.01.2022,Yeni Malatyaspor,Ev Sahibi,1,1,0,0,Galip,%71,51,13,19,6,7,669,595,"%88,9",25,9,24,7,7,10,0,"2,49",33,19,4,9,0,0,0
15.01.2022,Sivasspor,Deplasman,1,1,1,1,Berabere,%57,39,10,5,1,2,536,451,"%84,1",8,1,10,3,5,2,0,"0,96",10,5,21,10,1,0,0
19.01.2022,Giresunspor,Ev Sahibi,1,0,1,0,Berabere,%63,50,24,12,2,9,599,509,"%85,0",25,9,23,9,6,8,0,"1,92",28,12,6,13,2,0,0
23.01.2022,Galatasaray,Deplasman,2,0,1,1,Galip,%48,57,17,15,0,8,373,276,"%74,0",19,3,19,5,11,3,0,"1,43",16,15,10,16,4,0,0
5.02.2022,Kasımpaşa,Ev Sahibi,1,1,0,0,Galip,%45,59,16,14,2,2,393,313,"%79,6",9,2,7,4,3,0,0,"0,92",14,14,27,19,2,1,0
13.02.2022,Konyaspor,Ev Sahibi,2,1,1,0,Galip,%46,45,13,10,0,6,407,336,"%82,6",14,3,15,6,6,3,2,"1,93",23,10,17,10,0,0,0
20.02.2022,Alanyaspor,Deplasman,4,4,0,0,Galip,%41,41,11,9,1,10,332,266,"%80,1",18,2,17,6,7,4,1,"2,30",25,9,19,9,0,0,0
25.02.2022,Kayserispor,Ev Sahibi,3,0,2,2,Galip,%71,52,7,17,0,6,758,677,"%89,3",25,3,22,10,9,3,3,"3,55",47,17,13,4,0,0,0
6.03.2022,Fenerbahçe,Deplasman,1,1,1,0,Berabere,%59,48,6,5,3,4,603,543,"%90,0",12,5,17,3,9,5,1,"1,67",23,5,18,15,1,0,0
12.03.2022,Göztepe,Ev Sahibi,4,2,2,2,Galip,%56,65,12,14,0,3,587,494,"%84,2",8,3,16,10,5,1,0,"3,20",32,14,18,10,2,0,0
18.03.2022,Ç. Rizespor,Deplasman,2,0,3,0,Mağlup,%61,68,14,10,3,9,405,304,"%75,1",24,4,10,3,1,6,0,"0,98",21,10,21,16,3,0,0
3.04.2022,Beşiktaş,Ev Sahibi,1,0,1,0,Berabere,%52,65,17,13,4,3,427,328,"%76,8",19,4,8,2,4,2,1,"0,78",13,13,11,16,3,0,0
9.04.2022,Gaziantep FK,Deplasman,0,0,0,0,Berabere,%67,41,14,8,1,6,580,510,"%87,9",16,0,19,5,7,7,1,"1,28",14,8,11,9,1,0,0
15.04.2022,F. Karagümrük,Ev Sahibi,1,0,1,1,Berabere,%63,53,20,10,0,15,584,521,"%89,2",52,16,30,6,13,11,1,"3,12",47,10,7,11,1,0,0
23.04.2022,Adana Demirspor,Deplasman,3,2,1,0,Galip,%36,50,22,12,4,0,302,235,"%77,8",7,4,11,6,5,0,0,"2,21",17,12,25,9,1,0,0
30.04.2022,Antalyaspor,Ev Sahibi,2,1,2,0,Berabere,%40,54,12,18,1,5,359,285,"%79,4",11,1,9,5,3,1,0,"1,56",12,18,12,9,3,0,0
6.05.2022,Hatayspor,Deplasman,1,0,1,0,Berabere,%56,48,17,14,3,4,513,442,"%86,2",15,3,15,6,8,1,0,"2,75",25,14,20,9,0,0,0
15.05.2022,Altay,Ev Sahibi,2,1,1,0,Galip,%71,36,8,14,1,5,765,687,"%89,8",20,5,16,3,8,5,0,"1,76",25,14,11,6,1,0,0
22.05.2022,Başakşehir,Deplasman,1,0,3,3,Mağlup,%59,62,11,9,1,7,521,461,"%88,5",32,7,14,6,5,3,1,"2,33",40,9,5,11,0,0,0
13.09.2020,Beşiktaş,Ev Sahibi,1,0,3,1,Mağlup,%49,56,14,7,0,4,444,379,"%85,4",10,2,8,4,2,2,0,"0,30",8,7,10,7,2,1,0
26.09.2020,Yeni Malatyaspor,Ev Sahibi,3,3,1,0,Galip,%58,42,9,5,1,5,491,414,"%84,3",13,2,10,4,5,1,0,"1,51",11,5,16,9,1,0,0
2.10.2020,Gaziantep FK,Deplasman,1,0,1,0,Berabere,%50,48,6,10,3,6,403,331,"%82,1",24,3,4,3,1,0,0,"0,25",18,10,25,11,1,1,0
17.10.2020,Başakşehir,Ev Sahibi,0,0,2,1,Mağlup,%49,43,11,12,2,4,512,439,"%85,7",22,3,12,6,1,5,0,"0,53",13,12,16,10,1,0,0
25.10.2020,Fenerbahçe,Deplasman,1,1,3,0,Mağlup,%52,58,19,8,0,2,455,379,"%83,3",14,4,13,5,5,3,0,"0,57",14,8,18,12,1,0,0
30.10.2020,Kasımpaşa,Ev Sahibi,3,3,4,2,Mağlup,%42,58,11,14,1,1,400,314,"%78,5",6,2,12,4,5,3,0,"0,62",20,14,22,9,3,0,0
7.11.2020,Alanyaspor,Deplasman,1,0,1,0,Berabere,%37,62,18,7,1,6,304,226,"%74,3",18,6,7,5,2,0,0,"1,13",18,7,24,13,3,0,0
22.11.2020,Erzurumspor FK,Ev Sahibi,1,1,0,0,Galip,%47,50,14,11,1,3,405,323,"%79,8",10,0,11,3,7,1,0,"1,13",22,11,26,11,2,0,0
27.11.2020,Ankaragücü,Deplasman,1,1,0,0,Galip,%50,45,14,18,2,5,445,366,"%82,2",15,2,8,1,5,2,0,"0,38",9,18,19,13,3,1,0
7.12.2020,Sivasspor,Ev Sahibi,1,1,1,0,Berabere,%50,54,10,8,0,6,496,420,"%84,7",17,4,10,4,3,3,0,"1,97",16,8,21,13,0,0,0
12.12.2020,Kayserispor,Deplasman,0,0,0,0,Berabere,%54,48,10,8,1,4,523,456,"%87,2",17,3,11,4,4,3,0,"0,49",13,8,6,10,3,0,0
19.12.2020,Ç. Rizespor,Ev Sahibi,2,0,1,1,Galip,%47,58,14,7,2,9,393,313,"%79,6",21,6,18,8,3,7,1,"2,99",34,7,16,11,1,0,0
22.12.2020,Hatayspor,Deplasman,1,0,0,0,Galip,%40,55,23,13,0,2,326,231,"%70,9",10,1,8,2,4,2,0,"0,40",13,13,20,17,1,0,0
26.12.2020,Galatasaray,Ev Sahibi,0,0,2,1,Mağlup,%47,56,15,13,1,1,491,411,"%83,7",13,2,12,4,5,3,0,"1,20",20,13,9,11,2,0,0
3.01.2021,F. Karagümrük,Deplasman,2,0,1,0,Galip,%56,62,21,6,1,8,471,386,"%82,0",19,7,14,4,9,1,0,"2,00",20,6,22,15,4,0,0
6.01.2021,Göztepe,Ev Sahibi,1,1,0,0,Galip,%60,65,22,18,3,5,637,554,"%87,0",8,2,12,4,5,3,2,"1,50",26,18,20,10,1,0,0
16.01.2021,Antalyaspor,Deplasman,1,0,1,1,Berabere,%75,49,13,8,2,6,709,641,"%90,4",42,13,18,4,7,7,0,"1,73",35,8,0,2,1,0,0
19.01.2021,Konyaspor,Ev Sahibi,3,1,1,0,Galip,%58,66,14,14,0,0,593,492,"%83,0",3,0,10,5,2,3,0,"1,65",14,14,22,17,3,0,0
23.01.2021,Gençlerbirliği,Deplasman,2,1,1,0,Galip,%64,57,16,19,0,5,600,507,"%84,5",21,5,14,8,4,2,0,"1,82",29,19,18,13,2,0,0
31.01.2021,Beşiktaş,Deplasman,2,1,1,1,Galip,%36,55,17,12,0,5,334,258,"%77,2",13,2,16,5,6,5,0,"1,16",21,12,21,8,3,0,0
4.02.2021,Denizlispor,Ev Sahibi,1,0,0,0,Galip,%61,86,21,20,0,5,575,495,"%86,1",26,10,25,5,11,9,1,"2,42",43,20,12,6,0,0,0
8.02.2021,Yeni Malatyaspor,Deplasman,2,0,0,0,Galip,%44,52,19,10,2,4,334,253,"%75,7",13,3,10,2,4,4,0,"0,62",12,10,31,17,2,0,0
13.02.2021,Gaziantep FK,Ev Sahibi,1,0,0,0,Galip,%54,60,18,18,5,2,506,426,"%84,2",12,2,9,4,2,3,0,"1,12",25,18,18,10,2,1,0
19.02.2021,Başakşehir,Deplasman,1,0,0,0,Galip,%53,75,24,9,1,3,559,458,"%81,9",8,2,10,3,2,5,0,"0,67",12,9,19,9,2,0,0
28.02.2021,Fenerbahçe,Ev Sahibi,0,0,1,0,Mağlup,%49,60,17,9,0,5,413,336,"%81,4",26,5,16,1,8,7,1,"0,95",22,9,15,13,1,0,0
4.03.2021,Kasımpaşa,Deplasman,2,1,1,1,Galip,%54,58,18,12,2,5,507,416,"%82,1",19,3,14,4,7,3,1,"3,02",32,12,19,16,2,0,0
8.03.2021,Alanyaspor,Ev Sahibi,1,0,3,0,Mağlup,%49,52,20,15,0,3,416,343,"%82,5",19,3,18,5,7,6,1,"1,52",25,15,14,17,3,0,0
14.03.2021,Erzurumspor FK,Deplasman,0,0,0,0,Berabere,%51,58,13,17,3,2,400,311,"%77,8",12,1,8,1,4,3,0,"0,68",10,17,23,6,0,0,0
20.03.2021,Ankaragücü,Ev Sahibi,4,3,1,1,Galip,%58,54,13,15,2,4,585,503,"%86,0",11,3,14,9,2,3,0,"3,46",26,15,13,14,1,0,0
3.04.2021,Sivasspor,Deplasman,0,0,0,0,Berabere,%56,65,16,9,1,9,412,336,"%81,6",18,5,12,3,7,2,0,"1,27",18,9,24,8,2,0,0
6.04.2021,Kayserispor,Ev Sahibi,1,1,1,1,Berabere,%75,58,21,15,0,7,722,660,"%91,4",30,7,28,11,12,5,2,"2,06",27,15,13,7,1,0,0
10.04.2021,Ç. Rizespor,Deplasman,0,0,0,0,Berabere,%61,45,16,5,0,7,586,519,"%88,6",15,7,17,7,6,4,0,"1,06",19,5,8,10,2,1,0
17.04.2021,Hatayspor,Ev Sahibi,1,1,1,0,Berabere,%49,60,19,12,1,7,394,311,"%78,9",21,4,10,3,4,3,0,"1,05",18,12,15,17,3,0,0
21.04.2021,Galatasaray,Deplasman,1,0,1,0,Berabere,%47,61,16,18,2,5,397,318,"%80,1",17,4,9,5,1,3,1,"0,91",18,18,12,11,3,0,0
24.04.2021,F. Karagümrük,Ev Sahibi,2,1,0,0,Galip,%36,49,9,14,2,2,396,323,"%81,6",6,2,15,6,6,3,0,"2,85",18,14,20,9,1,0,0
28.04.2021,Göztepe,Deplasman,1,0,1,1,Berabere,%60,42,10,9,1,2,522,463,"%88,7",17,8,14,7,3,4,0,"1,39",29,9,27,14,2,0,1
8.05.2021,Antalyaspor,Ev Sahibi,2,1,1,0,Galip,%61,56,14,10,5,5,588,524,"%89,1",12,3,14,8,4,2,0,"0,94",21,10,14,11,1,0,0
11.05.2021,Konyaspor,Deplasman,1,0,1,0,Berabere,%58,42,14,10,0,1,574,507,"%88,3",6,2,10,5,4,1,1,"0,81",13,10,21,7,2,0,1
15.05.2021,Gençlerbirliği,Ev Sahibi,2,1,1,0,Galip,%65,40,8,14,2,9,648,570,"%88,0",14,2,20,11,3,6,2,"1,98",28,14,13,7,1,0,0
18.08.2019,Kasımpaşa,Deplasman,1,1,1,1,Berabere,%52,77,23,7,3,9,434,357,"%82,3",23,6,18,2,8,8,0,"1,40",32,7,20,17,0,0,0
25.08.2019,Yeni Malatyaspor,Ev Sahibi,2,1,1,0,Galip,%49,59,17,10,0,4,394,336,"%85,3",14,4,16,5,8,3,0,"1,27",25,10,18,5,1,0,0
1.09.2019,Fenerbahçe,Deplasman,1,1,1,1,Berabere,%31,57,15,10,1,3,268,185,"%69,0",12,5,10,5,5,0,0,"1,36",20,10,27,9,3,0,0
15.09.2019,Gençlerbirliği,Ev Sahibi,2,1,2,1,Berabere,%53,47,5,14,1,2,471,391,"%83,0",10,2,17,9,7,1,0,"2,17",27,14,26,11,2,0,0
23.09.2019,Sivasspor,Deplasman,1,1,2,1,Mağlup,%48,56,10,15,3,5,396,320,"%80,8",13,3,15,4,7,4,0,"2,09",23,15,20,18,3,0,0
29.09.2019,Beşiktaş,Ev Sahibi,4,2,1,0,Galip,%39,59,8,11,1,2,352,277,"%78,7",8,2,13,5,5,3,1,"2,10",24,11,23,23,6,0,0
6.10.2019,Ç. Rizespor,Deplasman,2,0,1,1,Galip,%59,58,11,10,1,4,489,419,"%85,7",23,5,13,4,6,3,1,"1,18",18,10,19,11,2,0,0
19.10.2019,Gaziantep FK,Ev Sahibi,4,2,1,0,Galip,%50,54,6,15,0,5,453,381,"%84,1",8,1,12,5,1,6,0,"2,10",23,15,21,16,1,0,0
28.10.2019,Başakşehir,Deplasman,2,0,2,0,Berabere,%49,62,17,13,2,6,452,369,"%81,6",13,3,9,6,1,2,0,"2,20",16,13,18,7,3,0,0
2.11.2019,Göztepe,Ev Sahibi,0,0,1,1,Mağlup,%59,60,17,14,2,8,594,496,"%83,5",32,9,21,6,9,6,0,"2,11",37,14,7,4,0,0,0
10.11.2019,Alanyaspor,Ev Sahibi,1,0,0,0,Galip,%40,65,21,12,1,4,303,206,"%68,0",10,2,7,2,2,3,0,"1,79",9,12,27,8,4,0,1
23.11.2019,Ankaragücü,Deplasman,3,1,0,0,Galip,%58,68,15,9,1,5,558,477,"%85,5",13,5,21,10,8,3,1,"2,76",32,9,20,12,2,0,0
1.12.2019,Galatasaray,Ev Sahibi,1,0,1,0,Berabere,%40,48,14,13,3,5,397,319,"%80,4",22,6,13,4,4,5,0,"2,30",20,13,23,10,5,0,0
8.12.2019,Antalyaspor,Deplasman,3,3,1,1,Galip,%40,67,17,13,1,4,331,232,"%70,1",8,3,11,5,3,3,0,"2,27",25,13,26,14,2,0,0
16.12.2019,Denizlispor,Ev Sahibi,1,1,2,0,Mağlup,%60,59,17,12,3,5,555,467,"%84,1",25,3,15,7,5,3,0,"1,97",27,12,11,11,0,0,0
23.12.2019,Konyaspor,Deplasman,1,1,0,0,Galip,%54,51,15,7,0,3,577,501,"%86,8",15,4,8,2,3,3,0,"0,46",14,7,29,17,2,0,0
28.12.2019,Kayserispor,Ev Sahibi,6,2,2,1,Galip,%61,52,11,10,2,14,554,496,"%89,5",26,8,31,13,10,8,1,"6,40",49,10,3,8,0,0,0
19.01.2020,Kasımpaşa,Ev Sahibi,6,3,0,0,Galip,%62,45,7,7,3,5,580,519,"%89,5",26,7,15,8,5,2,1,"2,97",32,7,18,14,1,0,0
1.02.2020,Fenerbahçe,Ev Sahibi,2,2,1,1,Galip,%35,69,19,11,2,6,276,207,"%75,0",24,7,16,4,7,5,1,"2,61",25,11,33,20,3,0,0
8.02.2020,Gençlerbirliği,Deplasman,2,0,0,0,Galip,%58,49,9,15,2,9,420,338,"%80,5",23,7,15,7,6,2,0,"2,22",25,15,20,11,1,0,1
16.02.2020,Sivasspor,Ev Sahibi,2,2,1,0,Galip,%50,70,19,6,1,7,418,322,"%77,0",16,5,11,4,5,2,0,"1,46",23,6,21,9,2,0,0
22.02.2020,Beşiktaş,Deplasman,2,1,2,0,Berabere,%37,60,25,11,2,5,303,213,"%70,3",10,5,9,3,4,2,0,"1,12",17,11,28,17,2,0,0
29.02.2020,Ç. Rizespor,Ev Sahibi,5,0,2,1,Galip,%57,48,15,5,1,6,457,394,"%86,2",21,7,17,6,7,4,0,"2,38",32,5,7,11,2,1,0
7.03.2020,Gaziantep FK,Deplasman,1,1,1,0,Berabere,%60,51,18,11,1,2,527,449,"%85,2",16,3,6,2,3,1,0,"1,27",11,11,8,14,5,0,0
11.03.2020,Yeni Malatyaspor,Deplasman,3,2,1,1,Galip,%44,69,12,16,1,6,363,286,"%78,8",17,4,13,5,2,6,0,"1,39",27,16,18,9,2,0,0
15.03.2020,Başakşehir,Ev Sahibi,1,0,1,0,Berabere,%52,52,9,15,0,7,442,360,"%81,4",27,4,17,2,8,7,0,"1,21",34,15,6,6,1,0,0
12.06.2020,Göztepe,Deplasman,3,1,1,0,Galip,%39,53,16,7,0,3,326,262,"%80,4",11,3,10,7,3,0,0,"2,96",15,7,27,16,2,1,0
22.06.2020,Alanyaspor,Deplasman,2,1,2,1,Berabere,%47,41,13,15,3,2,371,296,"%79,8",10,3,12,6,3,3,0,"2,60",19,15,27,16,1,0,1
27.06.2020,Ankaragücü,Ev Sahibi,1,1,1,0,Berabere,%60,85,31,16,4,2,437,351,"%80,3",17,6,7,2,3,2,0,"1,38",17,16,10,14,4,0,0
5.07.2020,Galatasaray,Deplasman,3,1,1,0,Galip,%55,53,13,8,2,5,482,422,"%87,6",20,4,10,5,3,2,0,"1,60",17,8,9,16,3,0,0
8.07.2020,Antalyaspor,Ev Sahibi,2,2,2,1,Berabere,%59,52,10,7,1,4,491,415,"%84,5",22,7,15,3,8,4,1,"2,22",24,7,17,14,1,0,0
13.07.2020,Denizlispor,Deplasman,1,1,2,0,Mağlup,%59,44,12,13,1,9,484,412,"%85,1",21,4,23,5,11,7,2,"2,99",32,13,18,20,3,0,0
19.07.2020,Konyaspor,Ev Sahibi,3,1,4,1,Mağlup,%59,34,12,8,1,5,556,497,"%89,4",18,5,16,7,6,3,0,"1,94",31,8,6,15,2,0,0
25.07.2020,Kayserispor,Deplasman,2,0,1,0,Galip,%48,59,12,6,0,5,421,365,"%86,7",20,7,16,8,4,4,1,"2,80",25,6,17,14,1,0,0
12.08.2018,Başakşehir,Deplasman,0,0,2,1,Mağlup,%48,45,7,13,1,2,416,349,"%83,9",11,2,10,0,8,2,0,"0,72",13,13,20,15,2,0,0
17.08.2018,Sivasspor,Ev Sahibi,3,3,1,1,Galip,%41,61,15,7,8,8,345,282,"%81,7",14,3,11,8,2,1,0,"2,05",18,7,16,12,1,0,0
25.08.2018,Ankaragücü,Deplasman,2,1,2,1,Berabere,%62,46,15,14,0,9,500,410,"%82,0",21,5,9,7,2,0,0,"1,08",18,14,23,13,2,0,0
1.09.2018,Galatasaray,Ev Sahibi,4,3,0,0,Galip,%62,48,14,11,1,1,594,512,"%86,2",12,2,13,6,6,1,0,"1,44",17,11,26,10,2,0,0
17.09.2018,Alanyaspor,Deplasman,0,0,1,1,Mağlup,%65,65,15,12,2,6,549,446,"%81,2",27,4,11,5,5,1,1,"1,05",21,12,23,9,2,0,0
22.09.2018,Göztepe,Ev Sahibi,1,0,2,2,Mağlup,%66,55,16,11,2,4,575,482,"%83,8",25,6,13,5,6,2,1,"2,39",22,11,6,13,2,0,0
29.09.2018,Kasımpaşa,Ev Sahibi,4,1,2,2,Galip,%56,43,16,16,5,7,437,349,"%79,9",21,4,19,7,8,4,2,"1,88",24,16,31,14,2,0,0
7.10.2018,Akhisarspor,Deplasman,3,2,1,0,Galip,%51,46,12,11,2,5,422,356,"%84,4",16,4,10,4,4,2,0,"1,84",14,11,24,16,3,0,0
22.10.2018,Erzurumspor FK,Ev Sahibi,0,0,0,0,Berabere,%55,52,15,8,5,7,428,348,"%81,3",29,6,13,1,7,5,1,"1,51",20,8,16,10,1,0,0
27.10.2018,Antalyaspor,Deplasman,1,1,1,1,Berabere,%56,57,12,8,4,3,512,422,"%82,4",22,5,10,4,4,2,1,"1,41",21,8,14,15,1,0,0
4.11.2018,Bursaspor,Ev Sahibi,1,1,1,0,Berabere,%49,54,12,7,3,3,453,352,"%77,7",18,3,18,6,9,3,0,"1,93",21,7,23,16,2,0,0
9.11.2018,Yeni Malatyaspor,Deplasman,0,0,5,2,Mağlup,%66,44,16,8,1,2,557,480,"%86,2",23,4,15,5,7,3,0,"1,74",30,8,8,7,1,0,0
25.11.2018,Fenerbahçe,Ev Sahibi,2,0,1,0,Galip,%55,55,16,11,3,6,438,361,"%82,4",22,4,26,8,12,6,2,"2,77",39,11,22,11,3,0,0
1.12.2018,Kayserispor,Deplasman,2,0,0,0,Galip,%46,60,23,3,0,5,354,267,"%75,4",12,2,18,7,9,2,2,"1,63",25,3,17,16,1,0,0
8.12.2018,Konyaspor,Ev Sahibi,3,0,0,0,Galip,%62,44,17,12,0,5,568,479,"%84,3",25,4,18,6,4,8,0,"2,78",19,12,10,13,2,0,0
16.12.2018,Beşiktaş,Deplasman,2,1,2,0,Berabere,%38,58,25,12,0,8,297,197,"%66,3",14,2,14,7,6,1,1,"1,45",25,12,21,14,1,0,0
23.12.2018,Ç. Rizespor,Ev Sahibi,4,1,1,0,Galip,%50,47,19,11,3,6,418,335,"%80,1",13,1,17,5,6,6,0,"1,33",23,11,15,19,4,0,0
20.01.2019,Başakşehir,Ev Sahibi,2,0,4,2,Mağlup,%49,53,14,14,1,8,425,340,"%80,0",23,8,20,10,6,4,1,"1,38",23,14,9,17,3,0,0
27.01.2019,Sivasspor,Deplasman,1,0,1,0,Berabere,%49,73,18,10,2,5,426,336,"%78,9",15,3,15,6,5,4,2,"1,02",28,10,24,14,1,0,0
2.02.2019,Ankaragücü,Ev Sahibi,1,1,0,0,Galip,%59,64,21,8,2,2,448,367,"%81,9",10,4,21,8,8,5,0,"2,55",36,8,17,19,4,0,0
10.02.2019,Galatasaray,Deplasman,1,1,3,2,Mağlup,%38,62,12,16,0,9,324,257,"%79,3",21,3,14,4,5,5,0,"1,93",27,16,22,12,1,0,0
17.02.2019,Alanyaspor,Ev Sahibi,0,0,2,0,Mağlup,%61,74,20,20,2,4,553,454,"%82,1",18,1,13,2,3,8,1,"1,69",32,20,13,19,1,0,0
22.02.2019,Göztepe,Deplasman,3,1,1,0,Galip,%45,57,18,13,0,3,401,322,"%80,3",11,3,12,6,5,1,0,"1,21",16,13,41,9,1,0,0
4.03.2019,Kasımpaşa,Deplasman,2,2,2,0,Berabere,%48,64,17,18,0,1,501,409,"%81,6",7,2,10,5,5,0,0,"0,84",16,18,21,12,2,0,0
9.03.2019,Akhisarspor,Ev Sahibi,2,0,1,0,Galip,%59,62,11,10,1,7,489,403,"%82,4",20,5,17,8,8,1,2,"3,29",29,10,10,20,5,0,0
16.03.2019,Erzurumspor FK,Deplasman,1,0,0,0,Galip,%47,49,13,11,2,4,392,308,"%78,6",13,5,13,3,10,0,1,"1,67",26,11,14,13,3,0,0
5.04.2019,Antalyaspor,Ev Sahibi,4,1,1,1,Galip,%61,58,9,13,1,8,530,445,"%84,0",31,8,21,7,7,7,1,"3,10",38,13,11,12,1,0,0
12.04.2019,Bursaspor,Deplasman,1,0,0,0,Galip,%47,67,19,11,1,7,344,247,"%71,8",18,7,11,3,6,2,1,"2,28",19,11,29,11,3,0,0
20.04.2019,Yeni Malatyaspor,Ev Sahibi,2,1,1,1,Galip,%61,61,15,12,1,7,535,472,"%88,2",23,4,20,8,8,4,1,"2,35",34,12,17,13,2,0,0
27.04.2019,Fenerbahçe,Deplasman,1,1,1,0,Berabere,%43,83,28,13,1,2,360,270,"%75,0",7,3,17,5,6,6,1,"1,78",11,13,34,20,2,0,0
06.05.2019,Kayserispor,Ev Sahibi,4,2,2,1,Galip,%55,77,29,8,1,5,497,404,"%81,3",11,1,20,7,8,5,1,"2,36",29,8,22,15,2,0,0
12.05.2019,Konyaspor,Deplasman,2,1,2,2,Berabere,%62,48,15,9,2,5,535,451,"%84,3",17,6,19,6,9,4,2,"3,20",22,9,7,11,1,0,0
18.05.2019,Beşiktaş,Ev Sahibi,2,0,1,0,Galip,%42,55,14,20,2,7,372,301,"%80,9",16,3,19,8,10,1,1,"1,67",23,20,16,12,2,0,0
24.05.2019,Ç. Rizespor,Deplasman,3,3,2,1,Galip,%45,49,15,13,1,6,404,326,"%80,7",14,7,21,8,7,6,2,"1,78",33,13,12,6,1,0,0
13.08.2017,Konyaspor,Ev Sahibi,2,1,1,1,Galip,%51,58,16,13,3,1,330,236,"%71,5",13,5,14,6,5,3,0,0,20,13,23,20,4,0,0
20.08.2017,Fenerbahçe,Deplasman,2,1,2,1,Berabere,%38,71,27,19,2,9,272,179,"%65,8",17,4,4,2,2,0,0,0,8,19,30,28,4,0,0
26.08.2017,Göztepe,Deplasman,2,2,3,2,Mağlup,%60,54,17,6,1,4,504,386,"%76,6",20,6,15,3,9,3,1,0,22,6,28,18,4,0,0
10.09.2017,Gençlerbirliği,Ev Sahibi,3,0,1,1,Galip,%64,65,12,11,4,4,446,347,"%77,8",23,10,23,6,12,5,0,0,35,11,20,14,4,0,0
17.09.2017,Başakşehir,Deplasman,2,1,2,1,Berabere,%48,51,8,17,0,0,414,327,"%79,0",9,3,9,4,3,2,1,0,14,17,30,23,2,0,0
22.09.2017,Alanyaspor,Ev Sahibi,3,3,4,1,Mağlup,%65,59,18,11,2,5,506,424,"%83,8",16,4,17,3,11,3,1,0,27,11,13,21,4,0,0
1.10.2017,Beşiktaş,Deplasman,2,1,2,1,Berabere,%54,62,12,11,2,4,463,359,"%77,5",11,4,12,7,4,1,0,0,19,11,15,19,4,0,0
15.10.2017,Akhisarspor,Ev Sahibi,1,0,6,3,Mağlup,%66,51,13,18,3,6,602,514,"%85,4",20,4,11,3,6,2,1,0,25,18,14,14,1,0,0
21.10.2017,Yeni Malatyaspor,Deplasman,0,0,1,1,Mağlup,%59,62,21,9,1,2,451,367,"%81,4",14,3,11,4,6,1,1,0,15,9,29,17,4,1,1
29.10.2017,Galatasaray,Ev Sahibi,2,0,1,0,Galip,%40,70,24,13,3,4,279,197,"%70,6",19,5,15,7,6,2,1,"2,24",24,13,30,15,0,0,1
4.11.2017,Kayserispor,Deplasman,0,0,0,0,Berabere,%43,47,23,12,1,1,289,189,"%65,4",7,0,4,0,3,1,0,"0,12",5,12,31,24,3,0,0
19.11.2017,Sincan Bld Ankaraspor,Ev Sahibi,4,2,3,2,Galip,%56,56,17,9,2,6,406,305,"%75,1",15,3,20,10,7,3,0,"3,69",34,9,22,18,4,0,0
26.11.2017,Sivasspor,Deplasman,2,1,1,1,Galip,%49,77,26,16,5,3,392,293,"%74,7",10,4,15,3,8,4,1,"0,93",17,16,29,15,3,0,0
4.12.2017,Antalyaspor,Ev Sahibi,3,1,0,0,Galip,%47,57,22,12,0,1,358,280,"%78,2",3,0,8,5,2,1,0,"1,89",10,12,38,16,3,0,0
9.12.2017,Kasımpaşa,Deplasman,3,1,0,0,Galip,%44,50,9,20,2,4,431,338,"%78,4",14,2,10,7,1,2,1,"1,95",19,20,21,16,1,0,0
16.12.2017,Bursaspor,Ev Sahibi,1,0,0,0,Galip,%55,57,23,15,5,4,454,372,"%81,9",13,3,16,1,13,2,3,"0,78",18,15,30,15,3,0,0
24.12.2017,Karabükspor,Deplasman,1,0,1,0,Berabere,%58,79,28,12,5,5,417,309,"%74,1",24,7,12,2,8,2,1,"1,69",22,12,28,13,2,0,0
21.01.2018,Konyaspor,Deplasman,2,0,2,0,Berabere,%66,59,30,13,6,1,532,442,"%83,1",16,6,16,5,8,3,0,"3,31",20,13,20,16,3,1,0
28.01.2018,Fenerbahçe,Ev Sahibi,1,0,1,0,Berabere,%49,76,35,13,5,2,365,251,"%68,8",9,4,11,2,7,2,0,"0,73",12,13,35,15,2,0,0
5.02.2018,Göztepe,Ev Sahibi,0,0,0,0,Berabere,%64,84,27,12,3,6,556,456,"%82,0",30,10,20,9,8,3,1,"1,42",22,12,14,13,3,0,0
10.02.2018,Gençlerbirliği,Deplasman,0,0,0,0,Berabere,%58,72,24,9,1,5,469,360,"%76,8",19,8,13,2,9,2,0,"2,11",19,9,28,18,2,0,0
18.02.2018,Başakşehir,Ev Sahibi,0,0,1,1,Mağlup,%48,65,7,16,2,3,515,412,"%80,0",8,1,15,4,7,4,0,"1,33",21,16,21,9,1,0,0
24.02.2018,Alanyaspor,Deplasman,2,0,1,1,Galip,%60,67,18,13,10,7,459,366,"%79,7",17,3,11,4,6,1,0,"1,85",31,13,26,14,4,0,0
5.03.2018,Beşiktaş,Ev Sahibi,0,0,2,0,Mağlup,%50,67,22,11,3,2,441,360,"%81,6",16,5,12,2,6,4,0,"0,94",19,11,14,16,1,0,0
12.03.2018,Akhisarspor,Deplasman,3,1,1,0,Galip,%55,73,28,16,3,4,507,410,"%80,9",12,8,12,5,5,2,0,"2,06",35,16,28,10,2,0,0
18.03.2018,Yeni Malatyaspor,Ev Sahibi,4,1,1,1,Galip,%58,59,16,8,1,4,554,475,"%85,7",12,3,13,7,3,3,0,"2,82",20,8,17,12,2,0,0
1.04.2018,Galatasaray,Deplasman,1,0,2,1,Mağlup,%46,68,19,14,7,1,405,323,"%79,8",7,1,9,5,3,1,0,"0,70",5,14,22,14,3,0,0
7.04.2018,Kayserispor,Ev Sahibi,4,0,0,0,Galip,%57,69,18,14,3,6,503,429,"%85,3",12,2,16,8,5,3,0,"2,50",23,14,17,13,1,0,0
16.04.2018,Sincan Bld Ankaraspor,Deplasman,3,2,3,0,Berabere,%56,65,20,10,1,3,498,389,"%78,1",13,5,13,7,5,1,2,"3,73",19,10,28,17,1,0,0
21.04.2018,Sivasspor,Ev Sahibi,0,0,2,1,Mağlup,%55,65,16,18,7,6,509,410,"%80,6",30,10,19,9,7,3,1,"2,67",32,18,13,15,2,0,0
28.04.2018,Antalyaspor,Deplasman,2,1,1,1,Galip,%50,67,23,21,2,4,417,327,"%78,4",20,5,10,5,3,2,0,"2,18",19,21,36,9,3,0,0
5.05.2018,Kasımpaşa,Ev Sahibi,2,1,5,3,Mağlup,%58,49,14,8,2,8,431,366,"%84,9",37,7,20,8,9,3,1,"1,94",33,8,10,15,4,0,2
13.05.2018,Bursaspor,Deplasman,3,3,1,1,Galip,%37,69,22,11,4,3,286,205,"%71,7",5,0,13,4,6,3,2,"2,80",16,11,21,22,3,0,0
18.05.2018,Karabükspor,Ev Sahibi,3,0,0,0,Galip,%53,64,10,9,0,5,434,366,"%84,3",16,6,26,10,13,3,1,"3,47",31,9,22,13,1,0,0
20.08.2016,Kasımpaşa,Ev Sahibi,2,1,0,0,Galip,%47,75,26,16,1,6,336,233,"%69,3",21,4,15,9,3,3,0,0,21,16,14,16,0,0,0
27.08.2016,Gaziantepspor,Deplasman,0,0,1,0,Mağlup,%53,66,23,20,2,6,331,220,"%66,5",21,6,10,3,5,2,1,0,21,20,28,19,2,0,0
11.09.2016,Sincan Bld Ankaraspor,Ev Sahibi,0,0,2,1,Mağlup,%58,78,19,21,1,6,402,312,"%77,6",30,6,12,3,8,1,0,0,21,21,13,16,3,0,0
17.09.2016,Alanyaspor,Deplasman,0,0,3,0,Mağlup,%59,65,11,13,2,9,457,375,"%82,1",21,9,16,7,6,3,0,0,28,13,6,29,5,0,0
24.09.2016,Konyaspor,Ev Sahibi,1,0,0,0,Galip,%53,63,31,24,0,7,320,210,"%65,6",30,8,15,3,8,4,0,0,20,24,22,21,6,0,0
1.10.2016,Karabükspor,Deplasman,0,0,4,0,Mağlup,%50,65,14,30,1,3,329,223,"%67,8",20,1,7,2,4,1,1,0,13,30,16,18,2,0,0
16.10.2016,Akhisarspor,Ev Sahibi,0,0,0,0,Berabere,%60,73,23,16,1,8,473,362,"%76,5",31,8,28,11,12,5,0,0,35,16,13,18,3,1,0
22.10.2016,Galatasaray,Deplasman,1,1,0,0,Galip,%28,42,9,22,4,0,251,163,"%64,9",4,0,4,1,3,0,0,0,7,22,38,17,3,0,0
30.10.2016,Ç. Rizespor,Ev Sahibi,2,1,2,1,Berabere,%60,47,8,14,2,6,424,333,"%78,5",26,7,13,5,4,4,0,0,25,14,17,28,4,0,0
5.11.2016,Beşiktaş,Deplasman,1,1,2,2,Mağlup,%43,62,12,32,1,5,348,282,"%81,0",21,4,11,5,5,1,0,0,17,32,16,14,3,0,0
21.11.2016,Antalyaspor,Ev Sahibi,0,0,1,1,Mağlup,%70,80,26,15,0,3,410,335,"%81,7",38,12,28,6,14,8,0,0,34,15,21,24,8,0,0
27.11.2016,Gençlerbirliği,Deplasman,0,0,0,0,Berabere,%66,55,16,12,5,5,510,435,"%85,3",32,9,16,4,8,4,0,0,38,12,38,21,6,0,0
5.12.2016,Kayserispor,Deplasman,1,1,0,0,Galip,%40,65,25,15,1,3,318,230,"%72,3",12,3,13,4,6,3,1,0,24,15,38,14,3,0,0
9.12.2016,Adanaspor,Ev Sahibi,4,1,1,1,Galip,%59,54,12,15,2,7,473,408,"%86,3",24,8,22,7,12,3,0,0,44,15,16,13,2,0,0
17.12.2016,Başakşehir,Deplasman,0,0,1,0,Mağlup,%42,60,19,13,2,0,358,256,"%71,5",9,2,9,3,4,2,1,0,6,13,51,23,2,0,0
26.12.2016,Fenerbahçe,Ev Sahibi,0,0,3,2,Mağlup,%42,55,6,8,1,4,323,255,"%78,9",15,2,14,5,8,1,1,0,7,8,12,16,2,0,1
13.01.2017,Bursaspor,Deplasman,2,2,1,1,Galip,%37,74,12,14,2,5,294,217,"%73,8",9,1,11,6,3,2,0,0,13,14,29,16,3,1,0
22.01.2017,Kasımpaşa,Deplasman,1,1,0,0,Galip,%47,63,12,18,0,3,415,331,"%79,8",18,2,10,3,4,3,1,0,14,18,44,17,4,0,0
29.01.2017,Gaziantepspor,Ev Sahibi,4,2,0,0,Galip,%56,66,11,15,1,3,464,371,"%80,0",19,7,16,7,6,3,1,0,34,15,12,20,2,0,0
11.02.2017,Sincan Bld Ankaraspor,Deplasman,1,1,0,0,Galip,%47,66,16,21,0,3,356,263,"%73,9",10,3,7,2,2,3,0,0,18,21,24,28,2,0,0
20.02.2017,Alanyaspor,Ev Sahibi,0,0,0,0,Berabere,%60,82,19,25,0,5,531,434,"%81,7",15,9,22,8,11,3,0,0,39,25,16,21,3,0,0
25.02.2017,Konyaspor,Deplasman,1,0,1,0,Berabere,%53,63,19,16,1,5,469,334,"%71,2",14,1,13,2,7,4,0,0,19,16,20,14,1,0,0
03.03.2017,Karabükspor,Ev Sahibi,1,0,0,0,Galip,%52,67,24,14,3,7,447,335,"%74,9",22,6,17,8,5,4,0,0,28,14,10,15,2,0,0
13.03.2017,Akhisarspor,Deplasman,3,0,1,1,Galip,%70,85,32,15,4,5,580,495,"%85,3",18,4,14,7,6,1,0,0,25,15,23,16,3,0,0
18.03.2017,Galatasaray,Ev Sahibi,2,1,0,0,Galip,%41,35,5,20,6,4,374,282,"%75,4",11,5,6,4,2,0,1,0,15,20,22,20,4,1,0
2.04.2017,Ç. Rizespor,Deplasman,1,1,0,0,Galip,%47,74,23,27,0,1,411,315,"%76,6",9,2,12,4,5,3,0,0,15,27,53,13,3,0,0
8.04.2017,Beşiktaş,Ev Sahibi,3,1,4,1,Mağlup,%42,48,13,16,2,2,330,242,"%73,3",9,2,9,6,3,0,1,0,17,16,23,20,3,0,0
22.04.2017,Antalyaspor,Deplasman,3,0,0,0,Galip,%53,62,14,19,0,1,385,298,"%77,4",7,1,8,6,1,1,0,0,20,19,29,20,2,0,0
29.04.2017,Gençlerbirliği,Ev Sahibi,0,0,0,0,Berabere,%61,76,14,10,1,7,439,335,"%76,3",22,9,25,7,14,4,0,0,25,10,18,15,1,0,0
6.05.2017,Kayserispor,Ev Sahibi,2,2,3,2,Mağlup,%59,62,18,9,0,6,472,356,"%75,4",24,5,22,4,11,7,1,0,27,9,11,16,3,0,0
13.05.2017,Adanaspor,Deplasman,1,1,1,1,Berabere,%59,46,18,15,4,5,593,495,"%83,5",27,5,10,2,5,3,0,0,35,15,13,10,2,0,0
21.05.2017,Başakşehir,Ev Sahibi,0,0,0,0,Berabere,%42,50,7,15,2,4,360,265,"%73,6",10,2,9,3,3,3,1,0,17,15,21,25,2,0,0
27.05.2017,Fenerbahçe,Deplasman,1,0,1,1,Berabere,%56,75,21,13,1,4,441,337,"%76,4",18,5,19,4,10,5,0,0,33,13,13,16,5,0,0
3.06.2017,Bursaspor,Ev Sahibi,1,0,2,0,Mağlup,%62,48,16,13,0,4,565,484,"%85,7",14,1,4,1,2,1,0,0,8,13,31,17,2,0,0
15.08.2015,Bursaspor,Ev Sahibi,1,0,0,0,Galip,%54,46,10,16,2,5,475,409,"%86,1",18,3,11,3,3,5,0,0,18,16,6,12,4,0,0
22.08.2015,Beşiktaş,Deplasman,2,0,1,0,Galip,%44,56,9,10,5,4,399,324,"%81,2",20,7,15,7,7,1,0,0,23,10,14,18,3,0,0
30.08.2015,Akhisarspor,Ev Sahibi,2,1,2,0,Berabere,%62,56,16,10,0,11,501,415,"%82,8",32,8,20,8,11,1,2,0,24,10,8,13,2,0,0
14.09.2015,Kayserispor,Deplasman,1,0,0,0,Galip,%55,47,7,6,1,3,469,379,"%80,8",24,3,7,2,5,0,0,0,11,6,4,20,4,0,0
19.09.2015,Galatasaray,Ev Sahibi,0,0,1,0,Mağlup,%49,43,10,25,3,5,406,316,"%77,8",20,5,12,3,6,3,2,0,22,25,11,17,2,0,0
26.09.2015,Sincan Bld Ankaraspor,Deplasman,1,0,3,1,Mağlup,%69,37,14,4,1,5,487,419,"%86,0",30,6,15,3,10,2,0,0,20,4,4,16,4,0,0
2.10.2015,Konyaspor,Ev Sahibi,1,0,2,0,Mağlup,%61,73,31,16,6,9,437,350,"%80,1",41,6,15,5,4,6,1,0,39,16,8,15,5,1,0
19.10.2015,Mersin İ.Y.,Deplasman,2,0,3,2,Mağlup,%61,41,10,21,3,7,392,326,"%83,2",50,10,21,7,11,3,3,0,30,21,5,14,2,0,0
24.10.2015,Sivasspor,Deplasman,2,1,0,0,Galip,%38,51,12,16,1,3,317,225,"%71,0",10,3,10,6,4,0,0,0,14,16,24,22,5,1,0
28.10.2015,Gaziantepspor,Ev Sahibi,2,0,2,1,Berabere,%61,52,19,20,0,2,558,458,"%82,1",24,7,14,7,5,2,1,0,15,20,13,25,5,0,0
7.11.2015,Başakşehir,Deplasman,0,0,1,1,Mağlup,%60,55,10,19,6,2,541,449,"%83,0",14,5,10,1,6,3,0,0,19,19,11,9,2,0,0
22.11.2015,Gençlerbirliği,Ev Sahibi,1,0,0,0,Galip,%56,55,20,15,5,3,525,424,"%80,8",22,6,10,3,4,3,0,0,12,15,10,19,1,0,0
30.11.2015,Fenerbahçe,Deplasman,0,0,2,1,Mağlup,%45,55,7,26,1,1,356,272,"%76,4",5,0,4,2,2,0,0,0,3,26,14,17,3,1,0
7.12.2015,Eskişehirspor,Ev Sahibi,3,1,1,0,Galip,%47,48,16,15,2,3,445,343,"%77,1",18,3,11,7,2,2,0,0,18,15,12,17,4,0,0
12.12.2015,Ç. Rizespor,Deplasman,0,0,3,2,Mağlup,%58,55,17,23,0,15,471,398,"%84,5",45,10,29,13,8,8,0,0,38,23,9,15,3,0,0
19.12.2015,Antalyaspor,Ev Sahibi,3,1,0,0,Galip,%50,40,7,20,3,6,407,341,"%83,8",14,7,25,10,7,8,1,0,35,20,19,14,2,0,0
26.12.2015,Kasımpaşa,Deplasman,1,1,1,1,Berabere,%52,60,12,19,2,2,383,293,"%76,5",12,5,10,4,5,1,0,0,7,19,14,21,3,0,0
17.01.2016,Bursaspor,Deplasman,2,2,4,2,Mağlup,%61,46,10,25,0,6,504,426,"%84,5",25,5,13,7,5,1,0,0,19,25,12,20,4,0,0
7.02.2016,Akhisarspor,Deplasman,1,1,2,1,Mağlup,%40,65,29,25,0,6,301,162,"%53,8",14,5,8,3,3,2,0,0,21,25,22,25,2,0,1
15.02.2016,Kayserispor,Ev Sahibi,2,2,1,0,Galip,%45,62,17,23,4,6,335,238,"%71,0",18,6,18,7,7,4,0,0,25,23,16,14,5,0,0
21.02.2016,Galatasaray,Deplasman,1,1,2,0,Mağlup,%31,36,10,10,3,4,267,188,"%70,4",6,1,6,2,3,1,0,0,13,10,31,9,2,2,2
27.02.2016,Sincan Bld Ankaraspor,Ev Sahibi,1,0,2,1,Mağlup,%53,58,19,20,0,8,461,370,"%80,3",37,9,18,4,8,6,0,0,36,20,21,6,2,0,0
6.03.2016,Konyaspor,Deplasman,0,0,2,1,Mağlup,%41,48,13,20,0,2,307,228,"%74,3",17,3,9,3,4,2,1,0,21,20,5,16,3,1,0
11.03.2016,Mersin İ.Y.,Ev Sahibi,1,0,0,0,Galip,%46,54,21,29,2,4,408,298,"%73,0",16,1,12,4,6,2,0,0,13,29,25,17,3,0,0
15.03.2016,Beşiktaş,Ev Sahibi,0,0,2,0,Mağlup,%39,51,17,22,3,6,347,238,"%68,6",14,3,13,3,8,2,0,0,14,22,21,15,1,0,0
19.03.2016,Sivasspor,Ev Sahibi,1,0,0,0,Galip,%47,58,12,32,3,6,390,288,"%73,8",24,4,5,3,1,1,0,0,15,32,11,20,5,0,0
2.04.2016,Gaziantepspor,Deplasman,1,0,0,0,Galip,%38,64,16,28,4,2,295,206,"%69,8",14,3,6,3,2,1,0,0,5,28,19,15,3,0,0
10.04.2016,Başakşehir,Ev Sahibi,1,1,1,1,Berabere,%53,54,15,24,2,2,442,363,"%82,1",14,4,8,3,4,1,0,0,8,24,14,18,2,1,0
18.04.2016,Gençlerbirliği,Deplasman,1,0,3,2,Mağlup,%58,50,9,15,1,2,485,394,"%81,2",16,4,8,1,4,3,0,0,7,15,8,15,5,0,0
24.04.2016,Fenerbahçe,Ev Sahibi,0,0,4,2,Mağlup,%55,42,6,13,2,2,461,394,"%85,5",20,4,8,2,2,4,0,0,8,13,8,13,2,0,0
30.04.2016,Eskişehirspor,Deplasman,0,0,1,1,Mağlup,%39,48,12,24,4,2,323,235,"%72,8",10,1,8,2,5,1,1,0,10,24,10,19,4,1,0
8.05.2016,Ç. Rizespor,Ev Sahibi,6,4,0,0,Galip,%47,38,8,17,1,4,409,340,"%83,1",17,3,20,10,6,4,1,0,22,17,12,9,1,0,0
13.05.2016,Antalyaspor,Deplasman,0,0,7,3,Mağlup,%48,27,4,23,1,5,364,313,"%86,0",23,2,7,3,3,1,0,0,4,23,8,17,6,1,0
19.05.2016,Kasımpaşa,Ev Sahibi,0,0,6,3,Mağlup,%44,42,6,13,1,1,420,353,"%84,0",4,0,3,1,1,1,0,0,0,13,9,8,2,0,0
11.08.2024,Sivasspor,Deplasman,0,0,0,0,Berabere,%68,38,7,5,0,7,522,451,"%86,4",24,4,16,2,9,5,1,"1,07",26,5,15,11,0,0,0
1.09.2024,Eyüpspor,Deplasman,0,0,0,0,Berabere,%52,34,8,9,1,4,455,393,"%86,4",20,4,8,4,3,1,0,"0,24",12,9,10,9,0,0,0
15.09.2024,Beşiktaş,Ev Sahibi,1,1,1,1,Berabere,%25,39,11,12,1,1,207,145,"%70,0",12,2,5,1,2,2,0,"0,27",5,12,37,17,2,0,1
19.09.2024,Kayserispor,Ev Sahibi,2,0,2,1,Berabere,%66,63,13,12,1,8,535,461,"%86,2",32,9,25,8,11,6,1,"2,71",36,12,5,6,0,0,0
23.09.2024,Gaziantep FK,Deplasman,0,0,0,0,Berabere,%64,67,22,10,0,2,456,393,"%86,2",14,4,11,3,4,4,0,"0,91",15,10,18,13,4,0,0
29.09.2024,Konyaspor,Ev Sahibi,3,2,2,1,Galip,%66,47,16,11,2,4,522,451,"%86,4",18,6,16,5,6,5,0,"2,00",18,11,18,18,4,0,0
5.10.2024,Hatayspor,Deplasman,1,0,1,1,Berabere,%61,57,10,11,1,7,515,426,"%82,7",15,4,15,7,7,1,0,"1,38",27,11,17,14,6,0,0
19.10.2024,Başakşehir,Ev Sahibi,1,0,0,0,Galip,%59,52,10,9,0,8,475,392,"%82,5",24,5,15,4,5,6,0,"1,32",31,9,7,18,0,0,0
26.10.2024,Göztepe,Deplasman,1,0,2,0,Mağlup,%70,56,17,7,0,4,572,473,"%82,7",22,5,14,3,5,6,0,"1,91",29,7,13,11,3,0,0
3.11.2024,Fenerbahçe,Ev Sahibi,2,0,3,1,Mağlup,%48,41,20,5,3,9,289,221,"%76,5",30,11,14,4,7,3,0,"2,18",21,5,24,13,7,0,0
9.11.2024,Ç. Rizespor,Deplasman,1,1,3,1,Mağlup,%49,61,18,11,1,5,425,343,"%80,7",19,3,11,3,5,3,0,"0,68",22,11,9,17,3,0,0
25.11.2024,Adana Demirspor,Ev Sahibi,5,1,0,0,Galip,%60,38,6,11,2,8,501,440,"%87,8",19,3,23,8,7,8,0,"2,66",30,11,17,20,1,0,0
30.11.2024,Alanyaspor,Deplasman,1,1,2,1,Mağlup,%52,43,16,8,3,10,370,291,"%78,6",29,7,16,3,7,6,0,"1,47",29,8,16,15,3,0,0
6.12.2024,Kasımpaşa,Ev Sahibi,2,0,2,1,Berabere,%64,47,12,5,1,8,522,432,"%82,8",25,3,21,7,8,6,1,"3,57",37,5,13,14,2,0,0
16.12.2024,Galatasaray,Deplasman,3,1,4,2,Mağlup,%41,45,14,15,2,6,286,218,"%76,2",16,6,15,6,5,4,0,"1,48",24,15,26,17,4,0,0
22.12.2024,Bodrum FK,Ev Sahibi,1,0,0,0,Galip,%74,47,13,7,2,8,589,511,"%86,8",30,3,14,5,6,3,0,"0,80",23,7,3,16,4,0,0
4.01.2025,Samsunspor,Deplasman,1,0,2,1,Mağlup,%65,55,28,9,2,8,488,405,"%83,0",27,7,14,5,6,3,1,"0,56",25,9,14,8,1,0,0
